id_procedimiento	 id_nota_hoja	 tariff
9722	1	0
9721	1	0
9422	1	0
5777	1	0
10739	1	0
10661	1	0
10626	1	0
10625	1	0
10624	1	0
10623	1	0
10622	1	0
10621	1	0
10619	1	0
10618	1	0
10617	1	0
10615	1	0
10614	1	0
10613	1	0
10612	1	0
10611	1	0
10609	1	0
10608	1	0
10607	1	0
10606	1	0
10605	1	0
10604	1	0
10602	1	0
10565	1	0
10558	1	0
10485	1	0
10371	1	0
10355	1	0
10350	1	0
10248	1	0
10242	1	0
10155	1	0
10152	1	0
10135	1	0
10134	1	0
10106	1	0
10056	1	0
10017	1	0
9959	1	0
9955	1	0
9924	1	0
9904	1	0
9895	1	0
9894	1	0
9893	1	0
9746	1	0
9716	1	0
9715	1	0
9714	1	0
9685	1	0
9679	1	0
9671	1	0
9670	1	0
9658	1	0
9657	1	0
9655	1	0
9654	1	0
9653	1	0
9652	1	0
9640	1	0
9622	1	0
9615	1	0
9613	1	0
9611	1	0
9577	1	0
9538	1	0
9439	1	0
9437	1	0
9436	1	0
9435	1	0
9433	1	0
9429	1	0
9428	1	0
9427	1	0
9426	1	0
9425	1	0
9424	1	0
9423	1	0
9420	1	0
9417	1	0
9284	1	0
9216	1	0
9212	1	0
9179	1	0
9177	1	0
9087	1	0
9086	1	0
8589	1	0
8588	1	0
8340	1	0
8333	1	0
8271	1	0
8213	1	0
8106	1	0
7875	1	0
7874	1	0
7854	1	0
7778	1	0
7742	1	0
7734	1	0
7732	1	0
7726	1	0
7717	1	0
7716	1	0
7712	1	0
7709	1	0
7708	1	0
7707	1	0
7706	1	0
7705	1	0
7704	1	0
7703	1	0
7700	1	0
7699	1	0
7698	1	0
7697	1	0
7696	1	0
7695	1	0
7694	1	0
7692	1	0
7690	1	0
7689	1	0
7687	1	0
7686	1	0
7684	1	0
7681	1	0
7679	1	0
7677	1	0
7676	1	0
7675	1	0
7674	1	0
7671	1	0
7670	1	0
7669	1	0
7668	1	0
7667	1	0
7666	1	0
7665	1	0
7664	1	0
7663	1	0
7662	1	0
7660	1	0
7659	1	0
7657	1	0
7656	1	0
7651	1	0
7648	1	0
7647	1	0
7600	1	0
7599	1	0
7586	1	0
7584	1	0
7582	1	0
7580	1	0
7564	1	0
7559	1	0
7525	1	0
7520	1	0
7512	1	0
7472	1	0
7393	1	0
7067	1	0
7062	1	0
6861	1	0
6796	1	0
6794	1	0
6792	1	0
6754	1	0
6622	1	0
6569	1	0
6567	1	0
6566	1	0
6557	1	0
6487	1	0
6485	1	0
6398	1	0
6394	1	0
6304	1	0
6204	1	0
6025	1	0
6000	1	0
5997	1	0
5898	1	0
5894	1	0
5865	1	0
5848	1	0
5787	1	0
5786	1	0
5780	1	0
5774	1	0
5773	1	0
5771	1	0
5770	1	0
5769	1	0
5737	1	0
5725	1	0
5709	1	0
5708	1	0
5677	1	0
5578	1	0
5323	1	0
5319	1	0
5317	1	0
5146	1	0
5110	1	0
5105	1	0
5104	1	0
5103	1	0
5091	1	0
5082	1	0
5058	1	0
5020	1	0
4893	1	0
4884	1	0
4883	1	0
4879	1	0
4876	1	0
4875	1	0
4655	1	0
4605	1	0
4499	1	0
4498	1	0
4416	1	0
4397	1	0
4396	1	0
4394	1	0
4388	1	0
4382	1	0
4360	1	0
4295	1	0
4291	1	0
4261	1	0
4259	1	0
4258	1	0
4255	1	0
4222	1	0
4221	1	0
4041	1	0
3978	1	0
3967	1	0
3966	1	0
3965	1	0
3964	1	0
3940	1	0
3938	1	0
3820	1	0
3787	1	0
3733	1	0
3536	1	0
3523	1	0
3350	1	0
3242	1	0
3240	1	0
3108	1	0
3083	1	0
3055	1	0
2819	1	0
2795	1	0
2625	1	0
2621	1	0
2617	1	0
2614	1	0
2539	1	0
2472	1	0
2471	1	0
2469	1	0
2468	1	0
2184	1	0
2177	1	0
2148	1	0
2137	1	0
2109	1	0
2108	1	0
2107	1	0
2103	1	0
2100	1	0
2096	1	0
2094	1	0
2091	1	0
2087	1	0
2044	1	0
2032	1	0
2026	1	0
2019	1	0
2015	1	0
2013	1	0
2012	1	0
2003	1	0
1913	1	0
1911	1	0
1906	1	0
1830	1	0
1825	1	0
1824	1	0
1823	1	0
1721	1	0
1720	1	0
1547	1	0
1327	1	0
1042	1	0
1001	1	0
996	1	0
883	1	0
878	1	0
642	1	0
640	1	0
639	1	0
637	1	0
636	1	0
635	1	0
633	1	0
632	1	0
613	1	0
611	1	0
608	1	0
600	1	0
540	1	0
478	1	0
277	1	0
262	1	0
227	1	0
148	1	0
146	1	0
142	1	0
140	1	0
86	1	0
85	1	0
537	2	0
9177	2	0
2473	2	0
227	2	0
5091	2	0
5089	2	0
6487	2	0
#N/A	2	0
2147	2	0
2819	2	0
10106	2	0
611	2	0
10105	2	0
10104	2	0
616	2	0
615	2	0
7067	2	0
143	2	0
10607	2	0
#N/A	2	0
10606	2	0
10602	2	0
10622	2	0
10615	2	0
#N/A	2	0
#N/A	2	0
10626	2	0
10623	2	0
10618	2	0
10624	2	0
10621	2	0
10611	2	0
10614	2	0
10613	2	0
10619	2	0
#N/A	2	0
10605	2	0
#N/A	2	0
#N/A	2	0
#N/A	2	0
10604	2	0
10608	2	0
146	2	0
10609	2	0
148	2	0
10612	2	0
10617	2	0
10625	2	0
#N/A	2	0
#N/A	2	0
#N/A	2	0
#N/A	2	0
9430	2	0
9433	2	0
2003	2	0
9439	2	0
3242	2	0
9436	2	0
9429	2	0
9437	2	0
9435	2	0
9417	2	0
9425	2	0
9422	2	0
9428	2	0
3240	2	0
9427	2	0
9423	2	0
9420	2	0
9426	2	0
4340	2	0
4292	2	0
4295	2	0
#N/A	2	0
9621	2	0
9623	2	0
#N/A	2	0
#N/A	2	0
6398	2	0
5674	2	0
3457	2	0
5067	2	0
5068	2	0
5065	2	0
5066	2	0
5058	2	0
#N/A	2	0
5069	2	0
#N/A	2	0
#N/A	2	0
9733	2	0
#N/A	2	0
10558	2	0
9284	2	0
9285	2	0
4656	2	0
2184	2	0
2179	2	0
2177	2	0
#N/A	2	0
7564	2	0
7512	2	0
#N/A	2	0
10739	2	0
5137	2	0
#N/A	2	0
5129	2	0
#N/A	2	0
#N/A	2	0
10350	2	0
4893	2	0
2472	2	0
4880	2	0
#N/A	2	0
2469	2	0
#N/A	2	0
10355	2	0
7392	2	0
9538	2	0
7520	2	0
7525	2	0
6284	2	0
7393	2	0
6220	2	0
6754	2	0
4883	2	0
4884	2	0
4879	2	0
4876	2	0
#N/A	2	0
4875	2	0
4872	2	0
4620	2	0
2510	2	0
2471	2	0
2468	2	0
2462	2	0
#N/A	2	0
1830	2	0
1824	2	0
#N/A	2	0
1825	2	0
#N/A	2	0
1823	2	0
1327	2	0
1042	2	0
85	2	0
86	2	0
#N/A	2	0
#N/A	2	0
10414	2	0
#N/A	2	0
7875	2	0
7874	2	0
7559	2	0
5111	2	0
#N/A	2	0
5110	2	0
5082	2	0
5020	2	0
5106	2	0
5105	2	0
5104	2	0
#N/A	2	0
5103	2	0
4041	2	0
3537	2	0
3536	2	0
9959	2	0
9955	2	0
9954	2	0
#N/A	2	0
3936	2	0
#N/A	2	0
#N/A	2	0
6240	2	0
3940	2	0
3938	2	0
10567	2	0
10569	2	0
#N/A	2	0
10565	2	0
#N/A	2	0
1911	2	0
1906	2	0
#N/A	2	0
6563	2	0
9753	2	0
10056	2	0
#N/A	2	0
#N/A	2	0
#N/A	2	0
2019	2	0
2013	2	0
#N/A	2	0
#N/A	2	0
2032	2	0
2044	2	0
#N/A	2	0
2096	2	0
#N/A	2	0
#N/A	2	0
#N/A	2	0
#N/A	2	0
#N/A	2	0
#N/A	2	0
2091	2	0
7716	2	0
7706	2	0
7665	2	0
7666	2	0
7697	2	0
7667	2	0
7703	2	0
7656	2	0
7704	2	0
7686	2	0
7655	2	0
7648	2	0
7692	2	0
7698	2	0
7671	2	0
7687	2	0
7660	2	0
7647	2	0
7726	2	0
7690	2	0
7670	2	0
7699	2	0
7734	2	0
7651	2	0
7662	2	0
7717	2	0
7684	2	0
7705	2	0
7663	2	0
7727	2	0
7708	2	0
7676	2	0
7675	2	0
7677	2	0
7679	2	0
7674	2	0
7685	2	0
7669	2	0
7712	2	0
7659	2	0
7730	2	0
7695	2	0
7696	2	0
7709	2	0
7689	2	0
7657	2	0
7691	2	0
7653	2	0
7700	2	0
7668	2	0
7680	2	0
7701	2	0
7694	2	0
7710	2	0
7664	2	0
7681	2	0
2537	2	0
5737	2	0
8213	2	0
5709	2	0
2138	2	0
8645	2	0
#N/A	2	0
263	2	0
2817	2	0
7600	2	0
7601	2	0
8284	2	0
7854	2	0
7778	2	0
6797	2	0
6789	2	0
6792	2	0
6794	2	0
6791	2	0
#N/A	2	0
3971	2	0
3972	2	0
3963	2	0
3976	2	0
3979	2	0
3969	2	0
3966	2	0
3967	2	0
3968	2	0
3964	2	0
3965	2	0
#N/A	3	0
#N/A	3	0
#N/A	3	0
#N/A	3	0
#N/A	3	0
#N/A	3	0
#N/A	3	0
#N/A	3	0
#N/A	3	0
#N/A	3	0
#N/A	3	0
#N/A	3	0
#N/A	3	0
#N/A	3	0
#N/A	3	0
#N/A	3	0
#N/A	3	0
#N/A	3	0
#N/A	3	0
#N/A	3	0
10739	3	0
10738	3	0
10626	3	0
10625	3	0
10624	3	0
10623	3	0
10622	3	0
10621	3	0
10619	3	0
10618	3	0
10615	3	0
10614	3	0
10613	3	0
10612	3	0
10611	3	0
10609	3	0
10608	3	0
10607	3	0
10606	3	0
10605	3	0
10604	3	0
10602	3	0
10565	3	0
10558	3	0
10355	3	0
10350	3	0
10242	3	0
10215	3	0
10106	3	0
10104	3	0
10056	3	0
10055	3	0
9959	3	0
9955	3	0
9895	3	0
9894	3	0
9893	3	0
9759	3	0
9753	3	0
9746	3	0
9722	3	0
9722	3	0
9721	3	0
9721	3	0
9716	3	0
9715	3	0
9714	3	0
9685	3	0
9679	3	0
9671	3	0
9670	3	0
9666	3	0
9658	3	0
9657	3	0
9656	3	0
9655	3	0
9654	3	0
9653	3	0
9652	3	0
9640	3	0
9619	3	0
9617	3	0
9615	3	0
9613	3	0
9611	3	0
9538	3	0
9437	3	0
9436	3	0
9435	3	0
9429	3	0
9285	3	0
9216	3	0
9212	3	0
9088	3	0
9087	3	0
9086	3	0
8340	3	0
8333	3	0
8271	3	0
8213	3	0
7877	3	0
7875	3	0
7870	3	0
7854	3	0
7778	3	0
7726	3	0
7717	3	0
7716	3	0
7709	3	0
7708	3	0
7706	3	0
7705	3	0
7704	3	0
7703	3	0
7700	3	0
7699	3	0
7698	3	0
7697	3	0
7694	3	0
7692	3	0
7690	3	0
7689	3	0
7687	3	0
7686	3	0
7684	3	0
7681	3	0
7677	3	0
7676	3	0
7675	3	0
7674	3	0
7671	3	0
7670	3	0
7668	3	0
7667	3	0
7666	3	0
7664	3	0
7663	3	0
7662	3	0
7660	3	0
7656	3	0
7651	3	0
7600	3	0
7599	3	0
7586	3	0
7584	3	0
7582	3	0
7580	3	0
7564	3	0
7559	3	0
7520	3	0
7512	3	0
7393	3	0
7139	3	0
7067	3	0
7062	3	0
6861	3	0
6796	3	0
6794	3	0
6792	3	0
6791	3	0
6754	3	0
6622	3	0
6601	3	0
6569	3	0
6567	3	0
6563	3	0
6557	3	0
6487	3	0
6398	3	0
6304	3	0
6045	3	0
6025	3	0
6000	3	0
5997	3	0
5898	3	0
5896	3	0
5894	3	0
5865	3	0
5857	3	0
5848	3	0
5787	3	0
5737	3	0
5719	3	0
5709	3	0
5708	3	0
5701	3	0
5698	3	0
5697	3	0
5678	3	0
5677	3	0
5578	3	0
5317	3	0
5146	3	0
5134	3	0
5111	3	0
5110	3	0
5106	3	0
5103	3	0
5089	3	0
5082	3	0
5069	3	0
5068	3	0
5067	3	0
5066	3	0
5065	3	0
5058	3	0
5020	3	0
4893	3	0
4884	3	0
4883	3	0
4880	3	0
4879	3	0
4876	3	0
4875	3	0
4872	3	0
4656	3	0
4655	3	0
4399	3	0
4398	3	0
4397	3	0
4396	3	0
4395	3	0
4394	3	0
4388	3	0
4383	3	0
4382	3	0
4360	3	0
4317	3	0
4314	3	0
4311	3	0
4310	3	0
4291	3	0
4261	3	0
4259	3	0
4222	3	0
4221	3	0
4186	3	0
3978	3	0
3969	3	0
3968	3	0
3967	3	0
3966	3	0
3965	3	0
3964	3	0
3940	3	0
3938	3	0
3936	3	0
3536	3	0
3458	3	0
3350	3	0
3242	3	0
3055	3	0
2819	3	0
2625	3	0
2621	3	0
2617	3	0
2614	3	0
2611	3	0
2610	3	0
2608	3	0
2607	3	0
2605	3	0
2603	3	0
2601	3	0
2600	3	0
2539	3	0
2521	3	0
2510	3	0
2472	3	0
2469	3	0
2468	3	0
2184	3	0
2179	3	0
2177	3	0
2148	3	0
2120	3	0
2109	3	0
2107	3	0
2100	3	0
2096	3	0
2094	3	0
2091	3	0
2044	3	0
2033	3	0
2032	3	0
2019	3	0
2015	3	0
2013	3	0
2012	3	0
2003	3	0
1913	3	0
1911	3	0
1908	3	0
1907	3	0
1906	3	0
1830	3	0
1825	3	0
1823	3	0
1485	3	0
1042	3	0
1001	3	0
941	3	0
922	3	0
919	3	0
911	3	0
878	3	0
642	3	0
640	3	0
639	3	0
637	3	0
636	3	0
635	3	0
633	3	0
632	3	0
630	3	0
629	3	0
613	3	0
608	3	0
600	3	0
478	3	0
277	3	0
262	3	0
227	3	0
162	3	0
148	3	0
146	3	0
142	3	0
140	3	0
#N/A	4	0
#N/A	4	0
#N/A	4	0
#N/A	4	0
#N/A	4	0
#N/A	4	0
#N/A	4	0
#N/A	4	0
#N/A	4	0
#N/A	4	0
#N/A	4	0
10743	4	0
10739	4	0
10645	4	0
10626	4	0
10625	4	0
10624	4	0
10623	4	0
10622	4	0
10621	4	0
10619	4	0
10618	4	0
10615	4	0
10614	4	0
10613	4	0
10612	4	0
10611	4	0
10609	4	0
10608	4	0
10607	4	0
10606	4	0
10605	4	0
10604	4	0
10569	4	0
10567	4	0
10565	4	0
10564	4	0
10558	4	0
10485	4	0
10355	4	0
10350	4	0
10215	4	0
10155	4	0
10152	4	0
10135	4	0
10134	4	0
10106	4	0
10104	4	0
10056	4	0
10025	4	0
9959	4	0
9955	4	0
9924	4	0
9904	4	0
9895	4	0
9894	4	0
9893	4	0
9746	4	0
9716	4	0
9715	4	0
9671	4	0
9666	4	0
9658	4	0
9657	4	0
9656	4	0
9655	4	0
9653	4	0
9652	4	0
9617	4	0
9538	4	0
9294	4	0
9293	4	0
9291	4	0
9285	4	0
9284	4	0
9253	4	0
9216	4	0
9212	4	0
9091	4	0
9088	4	0
9087	4	0
9086	4	0
8333	4	0
7877	4	0
7875	4	0
7874	4	0
7870	4	0
7854	4	0
7778	4	0
7717	4	0
7709	4	0
7706	4	0
7703	4	0
7698	4	0
7690	4	0
7681	4	0
7677	4	0
7676	4	0
7668	4	0
7666	4	0
7665	4	0
7651	4	0
7599	4	0
7586	4	0
7584	4	0
7582	4	0
7580	4	0
7564	4	0
7559	4	0
7553	4	0
7520	4	0
7512	4	0
7393	4	0
6861	4	0
6796	4	0
6794	4	0
6792	4	0
6791	4	0
6761	4	0
6754	4	0
6622	4	0
6569	4	0
6567	4	0
6493	4	0
6487	4	0
6398	4	0
6304	4	0
6220	4	0
6204	4	0
6002	4	0
6000	4	0
5997	4	0
5898	4	0
5896	4	0
5894	4	0
5787	4	0
5774	4	0
5770	4	0
5737	4	0
5708	4	0
5701	4	0
5698	4	0
5697	4	0
5678	4	0
5677	4	0
5343	4	0
5317	4	0
5148	4	0
5146	4	0
5138	4	0
5137	4	0
5136	4	0
5135	4	0
5129	4	0
5111	4	0
5110	4	0
5106	4	0
5105	4	0
5103	4	0
5091	4	0
5089	4	0
5082	4	0
5074	4	0
5073	4	0
5069	4	0
5068	4	0
5067	4	0
5066	4	0
5065	4	0
5058	4	0
5020	4	0
4893	4	0
4884	4	0
4883	4	0
4880	4	0
4879	4	0
4876	4	0
4875	4	0
4872	4	0
4656	4	0
4605	4	0
4600	4	0
4488	4	0
4383	4	0
4382	4	0
4314	4	0
4311	4	0
4310	4	0
4291	4	0
4186	4	0
4041	4	0
3978	4	0
3967	4	0
3966	4	0
3965	4	0
3964	4	0
3940	4	0
3938	4	0
3936	4	0
3536	4	0
3350	4	0
2897	4	0
2819	4	0
2795	4	0
2625	4	0
2621	4	0
2616	4	0
2615	4	0
2614	4	0
2539	4	0
2521	4	0
2510	4	0
2472	4	0
2471	4	0
2469	4	0
2468	4	0
2462	4	0
2184	4	0
2179	4	0
2177	4	0
2175	4	0
2168	4	0
2167	4	0
2148	4	0
2109	4	0
2107	4	0
2100	4	0
2096	4	0
2094	4	0
2091	4	0
2087	4	0
2044	4	0
2032	4	0
2019	4	0
2015	4	0
2012	4	0
2003	4	0
1913	4	0
1911	4	0
1908	4	0
1907	4	0
1906	4	0
1830	4	0
1823	4	0
1547	4	0
1042	4	0
941	4	0
922	4	0
919	4	0
878	4	0
642	4	0
640	4	0
639	4	0
636	4	0
635	4	0
630	4	0
613	4	0
608	4	0
545	4	0
540	4	0
480	4	0
479	4	0
478	4	0
277	4	0
262	4	0
230	4	0
227	4	0
148	4	0
146	4	0
142	4	0
140	4	0
86	4	0
85	4	0
#N/A	5	0
#N/A	5	0
#N/A	5	0
#N/A	5	0
#N/A	5	0
#N/A	5	0
#N/A	5	0
#N/A	5	0
#N/A	5	0
#N/A	5	0
#N/A	5	0
10743	5	0
10739	5	0
10626	5	0
10625	5	0
10624	5	0
10623	5	0
10622	5	0
10621	5	0
10619	5	0
10618	5	0
10615	5	0
10614	5	0
10613	5	0
10612	5	0
10611	5	0
10609	5	0
10608	5	0
10607	5	0
10606	5	0
10605	5	0
10604	5	0
10569	5	0
10567	5	0
10565	5	0
10564	5	0
10558	5	0
10485	5	0
10355	5	0
10350	5	0
10215	5	0
10155	5	0
10152	5	0
10135	5	0
10134	5	0
10106	5	0
10104	5	0
10056	5	0
10025	5	0
9959	5	0
9955	5	0
9924	5	0
9904	5	0
9895	5	0
9894	5	0
9893	5	0
9746	5	0
9716	5	0
9715	5	0
9671	5	0
9666	5	0
9658	5	0
9657	5	0
9656	5	0
9655	5	0
9653	5	0
9652	5	0
9617	5	0
9538	5	0
9294	5	0
9293	5	0
9291	5	0
9285	5	0
9284	5	0
9253	5	0
9216	5	0
9212	5	0
9091	5	0
9088	5	0
9087	5	0
9086	5	0
8333	5	0
7877	5	0
7875	5	0
7874	5	0
7870	5	0
7854	5	0
7778	5	0
7717	5	0
7709	5	0
7706	5	0
7703	5	0
7698	5	0
7690	5	0
7681	5	0
7677	5	0
7676	5	0
7668	5	0
7666	5	0
7651	5	0
7599	5	0
7586	5	0
7584	5	0
7582	5	0
7580	5	0
7564	5	0
7559	5	0
7553	5	0
7520	5	0
7512	5	0
7393	5	0
6861	5	0
6796	5	0
6794	5	0
6792	5	0
6791	5	0
6761	5	0
6754	5	0
6622	5	0
6569	5	0
6567	5	0
6493	5	0
6487	5	0
6398	5	0
6304	5	0
6220	5	0
6204	5	0
6002	5	0
6000	5	0
5997	5	0
5898	5	0
5896	5	0
5894	5	0
5787	5	0
5737	5	0
5708	5	0
5698	5	0
5697	5	0
5678	5	0
5677	5	0
5343	5	0
5317	5	0
5148	5	0
5146	5	0
5138	5	0
5137	5	0
5136	5	0
5135	5	0
5129	5	0
5111	5	0
5110	5	0
5106	5	0
5103	5	0
5091	5	0
5089	5	0
5082	5	0
5074	5	0
5073	5	0
5069	5	0
5068	5	0
5067	5	0
5066	5	0
5065	5	0
5058	5	0
5020	5	0
4893	5	0
4884	5	0
4883	5	0
4880	5	0
4879	5	0
4876	5	0
4875	5	0
4872	5	0
4656	5	0
4605	5	0
4600	5	0
4488	5	0
4383	5	0
4382	5	0
4314	5	0
4311	5	0
4310	5	0
4291	5	0
4186	5	0
4041	5	0
3978	5	0
3967	5	0
3966	5	0
3965	5	0
3964	5	0
3940	5	0
3938	5	0
3936	5	0
3536	5	0
3350	5	0
2897	5	0
2819	5	0
2621	5	0
2616	5	0
2615	5	0
2614	5	0
2539	5	0
2521	5	0
2510	5	0
2472	5	0
2471	5	0
2469	5	0
2468	5	0
2462	5	0
2184	5	0
2179	5	0
2177	5	0
2175	5	0
2168	5	0
2167	5	0
2148	5	0
2109	5	0
2107	5	0
2100	5	0
2096	5	0
2094	5	0
2091	5	0
2044	5	0
2039	5	0
2032	5	0
2019	5	0
2015	5	0
2012	5	0
2003	5	0
1913	5	0
1911	5	0
1908	5	0
1907	5	0
1906	5	0
1830	5	0
1823	5	0
1547	5	0
1042	5	0
941	5	0
922	5	0
919	5	0
642	5	0
640	5	0
639	5	0
636	5	0
635	5	0
630	5	0
613	5	0
608	5	0
545	5	0
480	5	0
479	5	0
478	5	0
277	5	0
262	5	0
230	5	0
227	5	0
148	5	0
146	5	0
142	5	0
140	5	0
86	5	0
85	5	0
#N/A	6	0
#N/A	6	0
10748	6	0
10743	6	0
10739	6	0
10661	6	0
10626	6	0
10625	6	0
10624	6	0
10623	6	0
10622	6	0
10621	6	0
10619	6	0
10618	6	0
10617	6	0
10615	6	0
10614	6	0
10613	6	0
10612	6	0
10611	6	0
10609	6	0
10608	6	0
10607	6	0
10606	6	0
10605	6	0
10604	6	0
10602	6	0
10565	6	0
10558	6	0
10485	6	0
10371	6	0
10355	6	0
10350	6	0
10248	6	0
10242	6	0
10155	6	0
10152	6	0
10135	6	0
10134	6	0
10106	6	0
10056	6	0
10017	6	0
9959	6	0
9955	6	0
9924	6	0
9904	6	0
9895	6	0
9894	6	0
9893	6	0
9746	6	0
9722	6	0
9721	6	0
9716	6	0
9715	6	0
9714	6	0
9685	6	0
9679	6	0
9671	6	0
9670	6	0
9658	6	0
9657	6	0
9655	6	0
9654	6	0
9653	6	0
9652	6	0
9640	6	0
9622	6	0
9619	6	0
9617	6	0
9615	6	0
9613	6	0
9611	6	0
9577	6	0
9538	6	0
9354	6	0
9291	6	0
9284	6	0
9216	6	0
9212	6	0
9179	6	0
9178	6	0
9177	6	0
9087	6	0
9086	6	0
8589	6	0
8588	6	0
8340	6	0
8333	6	0
8271	6	0
8213	6	0
8106	6	0
7877	6	0
7875	6	0
7874	6	0
7854	6	0
7778	6	0
7747	6	0
7742	6	0
7734	6	0
7732	6	0
7729	6	0
7726	6	0
7717	6	0
7716	6	0
7712	6	0
7709	6	0
7708	6	0
7707	6	0
7706	6	0
7705	6	0
7704	6	0
7703	6	0
7700	6	0
7699	6	0
7698	6	0
7697	6	0
7696	6	0
7695	6	0
7692	6	0
7690	6	0
7689	6	0
7687	6	0
7686	6	0
7684	6	0
7681	6	0
7679	6	0
7678	6	0
7677	6	0
7676	6	0
7675	6	0
7674	6	0
7671	6	0
7670	6	0
7669	6	0
7668	6	0
7667	6	0
7666	6	0
7665	6	0
7663	6	0
7662	6	0
7660	6	0
7659	6	0
7657	6	0
7656	6	0
7651	6	0
7648	6	0
7647	6	0
7600	6	0
7599	6	0
7586	6	0
7584	6	0
7582	6	0
7580	6	0
7564	6	0
7559	6	0
7525	6	0
7520	6	0
7512	6	0
7472	6	0
7181	6	0
7067	6	0
7062	6	0
6861	6	0
6796	6	0
6794	6	0
6792	6	0
6754	6	0
6622	6	0
6599	6	0
6597	6	0
6569	6	0
6567	6	0
6566	6	0
6487	6	0
6485	6	0
6398	6	0
6394	6	0
6304	6	0
6204	6	0
6025	6	0
6000	6	0
5997	6	0
5898	6	0
5896	6	0
5894	6	0
5865	6	0
5848	6	0
5787	6	0
5786	6	0
5780	6	0
5777	6	0
5774	6	0
5773	6	0
5771	6	0
5770	6	0
5769	6	0
5737	6	0
5725	6	0
5719	6	0
5709	6	0
5708	6	0
5701	6	0
5678	6	0
5677	6	0
5578	6	0
5323	6	0
5317	6	0
5150	6	0
5148	6	0
5146	6	0
5111	6	0
5110	6	0
5105	6	0
5091	6	0
5089	6	0
5082	6	0
5065	6	0
5058	6	0
5020	6	0
4893	6	0
4884	6	0
4883	6	0
4880	6	0
4879	6	0
4876	6	0
4875	6	0
4872	6	0
4655	6	0
4605	6	0
4499	6	0
4498	6	0
4416	6	0
4399	6	0
4398	6	0
4397	6	0
4396	6	0
4395	6	0
4394	6	0
4388	6	0
4383	6	0
4382	6	0
4360	6	0
4317	6	0
4314	6	0
4311	6	0
4310	6	0
4295	6	0
4291	6	0
4261	6	0
4259	6	0
4258	6	0
4255	6	0
4222	6	0
4221	6	0
4186	6	0
4041	6	0
3978	6	0
3967	6	0
3966	6	0
3965	6	0
3964	6	0
3940	6	0
3938	6	0
3936	6	0
3820	6	0
3787	6	0
3733	6	0
3536	6	0
3523	6	0
3350	6	0
3108	6	0
3083	6	0
3055	6	0
2819	6	0
2795	6	0
2625	6	0
2621	6	0
2617	6	0
2615	6	0
2614	6	0
2539	6	0
2472	6	0
2471	6	0
2469	6	0
2468	6	0
2184	6	0
2177	6	0
2148	6	0
2137	6	0
2109	6	0
2108	6	0
2107	6	0
2103	6	0
2100	6	0
2096	6	0
2094	6	0
2091	6	0
2087	6	0
2044	6	0
2032	6	0
2026	6	0
2019	6	0
2015	6	0
2013	6	0
2012	6	0
2003	6	0
1913	6	0
1911	6	0
1908	6	0
1907	6	0
1906	6	0
1830	6	0
1825	6	0
1824	6	0
1823	6	0
1721	6	0
1720	6	0
1547	6	0
1042	6	0
1001	6	0
996	6	0
883	6	0
878	6	0
642	6	0
640	6	0
639	6	0
637	6	0
636	6	0
635	6	0
633	6	0
632	6	0
630	6	0
629	6	0
613	6	0
611	6	0
608	6	0
600	6	0
540	6	0
478	6	0
277	6	0
262	6	0
227	6	0
148	6	0
146	6	0
142	6	0
140	6	0
86	6	0
85	6	0
#N/A	1	0
10785	1	0
10676	1	0
10663	1	0
10571	1	0
10484	1	0
10411	1	0
10368	1	0
10353	1	0
10334	1	0
10321	1	0
10317	1	0
10308	1	0
10306	1	0
10305	1	0
10241	1	0
10140	1	0
10139	1	0
10127	1	0
10020	1	0
9996	1	0
9995	1	0
9925	1	0
9908	1	0
9900	1	0
9745	1	0
9725	1	0
9710	1	0
9705	1	0
9628	1	0
9532	1	0
9462	1	0
9461	1	0
9456	1	0
9346	1	0
9316	1	0
9286	1	0
9210	1	0
9185	1	0
9183	1	0
9181	1	0
9180	1	0
9113	1	0
9020	1	0
8329	1	0
8108	1	0
7853	1	0
7777	1	0
7650	1	0
7649	1	0
7646	1	0
7579	1	0
7570	1	0
7534	1	0
7524	1	0
7522	1	0
7514	1	0
7471	1	0
7390	1	0
7277	1	0
7183	1	0
7165	1	0
7121	1	0
7089	1	0
6862	1	0
6788	1	0
6786	1	0
6753	1	0
6623	1	0
6582	1	0
6581	1	0
6570	1	0
6568	1	0
6564	1	0
6558	1	0
6486	1	0
6365	1	0
6203	1	0
6061	1	0
6046	1	0
5999	1	0
5996	1	0
5835	1	0
5782	1	0
5781	1	0
5775	1	0
5738	1	0
5676	1	0
5675	1	0
5581	1	0
5313	1	0
5145	1	0
5109	1	0
5099	1	0
5088	1	0
5021	1	0
5009	1	0
4983	1	0
4897	1	0
4890	1	0
4877	1	0
4866	1	0
4606	1	0
4601	1	0
4589	1	0
4528	1	0
4497	1	0
4418	1	0
4413	1	0
4345	1	0
4343	1	0
4341	1	0
4305	1	0
4182	1	0
4179	1	0
4176	1	0
4158	1	0
4156	1	0
4150	1	0
4149	1	0
4142	1	0
3982	1	0
3981	1	0
3980	1	0
3975	1	0
3974	1	0
3944	1	0
3765	1	0
3538	1	0
3347	1	0
3110	1	0
3109	1	0
3106	1	0
3014	1	0
2822	1	0
2816	1	0
2797	1	0
2628	1	0
2627	1	0
2624	1	0
2619	1	0
2558	1	0
2555	1	0
2552	1	0
2544	1	0
2541	1	0
2502	1	0
2475	1	0
2474	1	0
2337	1	0
2335	1	0
2334	1	0
2285	1	0
2283	1	0
2281	1	0
2240	1	0
2239	1	0
2238	1	0
2185	1	0
2176	1	0
2150	1	0
2112	1	0
2111	1	0
2105	1	0
2104	1	0
2009	1	0
1958	1	0
1947	1	0
1944	1	0
1915	1	0
1829	1	0
1828	1	0
1826	1	0
1722	1	0
1719	1	0
1624	1	0
1509	1	0
1489	1	0
1344	1	0
1342	1	0
1330	1	0
1240	1	0
1041	1	0
1000	1	0
995	1	0
988	1	0
939	1	0
934	1	0
662	1	0
645	1	0
617	1	0
539	1	0
485	1	0
477	1	0
291	1	0
278	1	0
226	1	0
124	1	0
83	1	0
29	1	0
5	1	0
#N/A	6	0
#N/A	6	0
10785	6	0
10676	6	0
10663	6	0
10646	6	0
10484	6	0
10409	6	0
10368	6	0
10353	6	0
10334	6	0
10321	6	0
10317	6	0
10308	6	0
10306	6	0
10305	6	0
10241	6	0
10140	6	0
10139	6	0
10127	6	0
10020	6	0
9996	6	0
9936	6	0
9925	6	0
9908	6	0
9900	6	0
9745	6	0
9725	6	0
9710	6	0
9705	6	0
9628	6	0
9532	6	0
9461	6	0
9459	6	0
9456	6	0
9346	6	0
9316	6	0
9286	6	0
9210	6	0
9185	6	0
9183	6	0
9181	6	0
9180	6	0
9113	6	0
9057	6	0
9020	6	0
8329	6	0
8108	6	0
7853	6	0
7777	6	0
7650	6	0
7649	6	0
7646	6	0
7579	6	0
7570	6	0
7534	6	0
7524	6	0
7522	6	0
7514	6	0
7471	6	0
7277	6	0
7183	6	0
7180	6	0
7165	6	0
7121	6	0
7120	6	0
7089	6	0
6862	6	0
6787	6	0
6786	6	0
6753	6	0
6623	6	0
6604	6	0
6603	6	0
6582	6	0
6581	6	0
6570	6	0
6568	6	0
6564	6	0
6486	6	0
6059	6	0
6046	6	0
5999	6	0
5996	6	0
5835	6	0
5782	6	0
5781	6	0
5775	6	0
5738	6	0
5676	6	0
5675	6	0
5581	6	0
5313	6	0
5145	6	0
5109	6	0
5099	6	0
5088	6	0
5070	6	0
5021	6	0
5009	6	0
4983	6	0
4897	6	0
4890	6	0
4888	6	0
4877	6	0
4866	6	0
4606	6	0
4601	6	0
4589	6	0
4497	6	0
4496	6	0
4418	6	0
4413	6	0
4345	6	0
4343	6	0
4341	6	0
4305	6	0
4182	6	0
4179	6	0
4176	6	0
4158	6	0
4156	6	0
4150	6	0
4149	6	0
4142	6	0
3982	6	0
3981	6	0
3980	6	0
3975	6	0
3974	6	0
3944	6	0
3765	6	0
3538	6	0
3347	6	0
3110	6	0
3109	6	0
3106	6	0
3014	6	0
2822	6	0
2816	6	0
2797	6	0
2628	6	0
2627	6	0
2624	6	0
2619	6	0
2558	6	0
2555	6	0
2552	6	0
2544	6	0
2541	6	0
2502	6	0
2475	6	0
2474	6	0
2337	6	0
2335	6	0
2334	6	0
2285	6	0
2283	6	0
2281	6	0
2240	6	0
2239	6	0
2238	6	0
2185	6	0
2176	6	0
2150	6	0
2112	6	0
2111	6	0
2105	6	0
2104	6	0
2009	6	0
1958	6	0
1947	6	0
1944	6	0
1915	6	0
1829	6	0
1828	6	0
1826	6	0
1722	6	0
1719	6	0
1624	6	0
1509	6	0
1489	6	0
1344	6	0
1342	6	0
1240	6	0
1040	6	0
1000	6	0
995	6	0
988	6	0
934	6	0
662	6	0
645	6	0
539	6	0
485	6	0
477	6	0
291	6	0
278	6	0
226	6	0
124	6	0
83	6	0
5	6	0
7746	6	0
6203	6	0
9462	6	0
612	6	0
#N/A	7	0
#N/A	7	0
#N/A	7	0
10785	7	0
10748	7	0
10739	7	0
10676	7	0
10663	7	0
10661	7	0
10646	7	0
10626	7	0
10625	7	0
10624	7	0
10623	7	0
10622	7	0
10621	7	0
10619	7	0
10618	7	0
10617	7	0
10615	7	0
10614	7	0
10613	7	0
10612	7	0
10611	7	0
10609	7	0
10608	7	0
10607	7	0
10606	7	0
10605	7	0
10604	7	0
10602	7	0
10558	7	0
10485	7	0
10484	7	0
10409	7	0
10371	7	0
10368	7	0
10355	7	0
10353	7	0
10350	7	0
10334	7	0
10321	7	0
10317	7	0
10308	7	0
10306	7	0
10305	7	0
10248	7	0
10242	7	0
10241	7	0
10155	7	0
10152	7	0
10140	7	0
10139	7	0
10135	7	0
10134	7	0
10127	7	0
10106	7	0
10056	7	0
10020	7	0
10017	7	0
9996	7	0
9995	7	0
9959	7	0
9955	7	0
9936	7	0
9925	7	0
9924	7	0
9908	7	0
9904	7	0
9900	7	0
9895	7	0
9894	7	0
9893	7	0
9746	7	0
9745	7	0
9725	7	0
9722	7	0
9721	7	0
9716	7	0
9715	7	0
9714	7	0
9710	7	0
9705	7	0
9685	7	0
9679	7	0
9671	7	0
9670	7	0
9658	7	0
9657	7	0
9655	7	0
9654	7	0
9653	7	0
9652	7	0
9640	7	0
9628	7	0
9622	7	0
9619	7	0
9617	7	0
9615	7	0
9613	7	0
9611	7	0
9577	7	0
9538	7	0
9532	7	0
9462	7	0
9461	7	0
9459	7	0
9456	7	0
9439	7	0
9437	7	0
9436	7	0
9435	7	0
9433	7	0
9429	7	0
9428	7	0
9427	7	0
9426	7	0
9425	7	0
9424	7	0
9423	7	0
9422	7	0
9420	7	0
9417	7	0
9346	7	0
9316	7	0
9291	7	0
9286	7	0
9284	7	0
9216	7	0
9212	7	0
9210	7	0
9185	7	0
9183	7	0
9181	7	0
9180	7	0
9179	7	0
9178	7	0
9177	7	0
9113	7	0
9087	7	0
9086	7	0
9057	7	0
9020	7	0
8589	7	0
8588	7	0
8340	7	0
8333	7	0
8329	7	0
8271	7	0
8213	7	0
8108	7	0
8106	7	0
7877	7	0
7875	7	0
7874	7	0
7854	7	0
7853	7	0
7778	7	0
7777	7	0
7747	7	0
7746	7	0
7742	7	0
7734	7	0
7732	7	0
7729	7	0
7726	7	0
7717	7	0
7716	7	0
7712	7	0
7709	7	0
7708	7	0
7707	7	0
7706	7	0
7705	7	0
7704	7	0
7703	7	0
7700	7	0
7699	7	0
7698	7	0
7697	7	0
7696	7	0
7695	7	0
7694	7	0
7692	7	0
7690	7	0
7689	7	0
7687	7	0
7686	7	0
7684	7	0
7681	7	0
7679	7	0
7678	7	0
7677	7	0
7676	7	0
7675	7	0
7674	7	0
7671	7	0
7670	7	0
7669	7	0
7668	7	0
7667	7	0
7666	7	0
7665	7	0
7663	7	0
7662	7	0
7660	7	0
7659	7	0
7657	7	0
7656	7	0
7651	7	0
7650	7	0
7649	7	0
7648	7	0
7647	7	0
7646	7	0
7600	7	0
7599	7	0
7586	7	0
7584	7	0
7582	7	0
7580	7	0
7579	7	0
7570	7	0
7564	7	0
7559	7	0
7534	7	0
7514	7	0
7512	7	0
7472	7	0
7471	7	0
7393	7	0
7390	7	0
7277	7	0
7183	7	0
7181	7	0
7180	7	0
7165	7	0
7121	7	0
7120	7	0
7089	7	0
7067	7	0
7062	7	0
6862	7	0
6861	7	0
6796	7	0
6794	7	0
6792	7	0
6788	7	0
6786	7	0
6754	7	0
6753	7	0
6623	7	0
6622	7	0
6582	7	0
6581	7	0
6570	7	0
6569	7	0
6568	7	0
6567	7	0
6566	7	0
6564	7	0
6487	7	0
6486	7	0
6485	7	0
6398	7	0
6394	7	0
6365	7	0
6304	7	0
6204	7	0
6203	7	0
6059	7	0
6046	7	0
6025	7	0
6000	7	0
5999	7	0
5997	7	0
5996	7	0
5898	7	0
5896	7	0
5894	7	0
5865	7	0
5848	7	0
5835	7	0
5787	7	0
5786	7	0
5782	7	0
5781	7	0
5780	7	0
5777	7	0
5775	7	0
5774	7	0
5773	7	0
5771	7	0
5770	7	0
5769	7	0
5738	7	0
5737	7	0
5725	7	0
5719	7	0
5709	7	0
5708	7	0
5701	7	0
5678	7	0
5677	7	0
5676	7	0
5675	7	0
5581	7	0
5578	7	0
5323	7	0
5319	7	0
5317	7	0
5313	7	0
5150	7	0
5146	7	0
5145	7	0
5111	7	0
5110	7	0
5109	7	0
5104	7	0
5103	7	0
5099	7	0
5091	7	0
5088	7	0
5082	7	0
5070	7	0
5065	7	0
5058	7	0
5021	7	0
5020	7	0
5009	7	0
4983	7	0
4897	7	0
4893	7	0
4890	7	0
4888	7	0
4884	7	0
4883	7	0
4880	7	0
4879	7	0
4877	7	0
4876	7	0
4875	7	0
4872	7	0
4866	7	0
4655	7	0
4606	7	0
4605	7	0
4601	7	0
4589	7	0
4528	7	0
4499	7	0
4498	7	0
4497	7	0
4418	7	0
4416	7	0
4413	7	0
4399	7	0
4398	7	0
4397	7	0
4396	7	0
4395	7	0
4394	7	0
4388	7	0
4383	7	0
4382	7	0
4360	7	0
4345	7	0
4343	7	0
4341	7	0
4317	7	0
4314	7	0
4311	7	0
4310	7	0
4305	7	0
4295	7	0
4291	7	0
4261	7	0
4259	7	0
4258	7	0
4255	7	0
4222	7	0
4221	7	0
4186	7	0
4182	7	0
4179	7	0
4176	7	0
4158	7	0
4156	7	0
4150	7	0
4149	7	0
4142	7	0
4041	7	0
3982	7	0
3981	7	0
3980	7	0
3978	7	0
3975	7	0
3974	7	0
3967	7	0
3966	7	0
3965	7	0
3964	7	0
3944	7	0
3940	7	0
3938	7	0
3936	7	0
3820	7	0
3787	7	0
3765	7	0
3733	7	0
3538	7	0
3536	7	0
3523	7	0
3458	7	0
3350	7	0
3347	7	0
3242	7	0
3240	7	0
3110	7	0
3109	7	0
3108	7	0
3106	7	0
3083	7	0
3055	7	0
3014	7	0
2822	7	0
2819	7	0
2816	7	0
2797	7	0
2795	7	0
2628	7	0
2627	7	0
2625	7	0
2624	7	0
2621	7	0
2619	7	0
2617	7	0
2614	7	0
2558	7	0
2555	7	0
2552	7	0
2544	7	0
2541	7	0
2539	7	0
2502	7	0
2475	7	0
2474	7	0
2472	7	0
2471	7	0
2469	7	0
2468	7	0
2337	7	0
2335	7	0
2334	7	0
2285	7	0
2283	7	0
2281	7	0
2240	7	0
2239	7	0
2238	7	0
2185	7	0
2184	7	0
2177	7	0
2176	7	0
2150	7	0
2148	7	0
2137	7	0
2112	7	0
2111	7	0
2109	7	0
2108	7	0
2107	7	0
2105	7	0
2104	7	0
2103	7	0
2100	7	0
2096	7	0
2094	7	0
2091	7	0
2087	7	0
2044	7	0
2032	7	0
2026	7	0
2019	7	0
2015	7	0
2013	7	0
2012	7	0
2009	7	0
2003	7	0
1958	7	0
1947	7	0
1944	7	0
1915	7	0
1913	7	0
1911	7	0
1906	7	0
1830	7	0
1829	7	0
1828	7	0
1826	7	0
1825	7	0
1824	7	0
1823	7	0
1722	7	0
1721	7	0
1720	7	0
1719	7	0
1624	7	0
1547	7	0
1509	7	0
1489	7	0
1344	7	0
1342	7	0
1240	7	0
1042	7	0
1040	7	0
1001	7	0
1000	7	0
996	7	0
995	7	0
988	7	0
941	7	0
939	7	0
934	7	0
922	7	0
919	7	0
916	7	0
915	7	0
912	7	0
911	7	0
883	7	0
878	7	0
662	7	0
645	7	0
642	7	0
640	7	0
639	7	0
637	7	0
636	7	0
635	7	0
633	7	0
632	7	0
630	7	0
629	7	0
613	7	0
612	7	0
611	7	0
608	7	0
600	7	0
540	7	0
539	7	0
485	7	0
478	7	0
477	7	0
291	7	0
278	7	0
277	7	0
262	7	0
148	7	0
146	7	0
142	7	0
140	7	0
124	7	0
86	7	0
85	7	0
83	7	0
29	7	0
5	7	0
#N/A	8	0
#N/A	8	0
#N/A	8	0
#N/A	8	0
#N/A	8	0
#N/A	8	0
#N/A	8	0
#N/A	8	0
#N/A	8	0
#N/A	8	0
#N/A	8	0
#N/A	8	0
#N/A	8	0
#N/A	8	0
#N/A	8	0
#N/A	8	0
#N/A	8	0
#N/A	8	0
#N/A	8	0
#N/A	8	0
10799	8	0
10792	8	0
10759	8	0
10753	8	0
10749	8	0
10710	8	0
10697	8	0
10696	8	0
10695	8	0
10693	8	0
10692	8	0
10691	8	0
10690	8	0
10689	8	0
10688	8	0
10687	8	0
10686	8	0
10685	8	0
10684	8	0
10683	8	0
10682	8	0
10681	8	0
10680	8	0
10679	8	0
10678	8	0
10677	8	0
10621	8	0
10441	8	0
10440	8	0
10439	8	0
10438	8	0
10437	8	0
10436	8	0
10435	8	0
10434	8	0
10433	8	0
10432	8	0
10431	8	0
10430	8	0
10429	8	0
10428	8	0
10427	8	0
10426	8	0
10425	8	0
10424	8	0
10357	8	0
10348	8	0
10150	8	0
10148	8	0
10147	8	0
10028	8	0
9992	8	0
9971	8	0
9961	8	0
9953	8	0
9952	8	0
9951	8	0
9948	8	0
9738	8	0
9599	8	0
9595	8	0
9593	8	0
9592	8	0
9589	8	0
9588	8	0
9585	8	0
9583	8	0
9563	8	0
9562	8	0
9561	8	0
9560	8	0
9559	8	0
9558	8	0
9557	8	0
9556	8	0
9554	8	0
9552	8	0
9551	8	0
9550	8	0
9549	8	0
9548	8	0
9545	8	0
9544	8	0
9536	8	0
9535	8	0
9533	8	0
9530	8	0
9358	8	0
9357	8	0
9315	8	0
9283	8	0
9248	8	0
9247	8	0
9246	8	0
9186	8	0
9176	8	0
9171	8	0
9162	8	0
9160	8	0
9158	8	0
9054	8	0
7776	8	0
7775	8	0
7773	8	0
7638	8	0
7481	8	0
7479	8	0
7478	8	0
7477	8	0
7418	8	0
7412	8	0
7411	8	0
7406	8	0
7391	8	0
7354	8	0
7266	8	0
7264	8	0
7196	8	0
7194	8	0
7193	8	0
7124	8	0
7123	8	0
7101	8	0
7100	8	0
7091	8	0
7088	8	0
7087	8	0
7085	8	0
7069	8	0
6860	8	0
6855	8	0
6854	8	0
6844	8	0
6764	8	0
6762	8	0
6750	8	0
6749	8	0
6747	8	0
6745	8	0
6741	8	0
6616	8	0
6615	8	0
6614	8	0
6613	8	0
6612	8	0
6609	8	0
6580	8	0
6579	8	0
6552	8	0
6516	8	0
6505	8	0
6504	8	0
6501	8	0
6499	8	0
6480	8	0
6479	8	0
6478	8	0
6477	8	0
6472	8	0
6471	8	0
6470	8	0
6469	8	0
6468	8	0
6467	8	0
6466	8	0
6465	8	0
6464	8	0
6459	8	0
6456	8	0
6455	8	0
6454	8	0
6433	8	0
6417	8	0
6409	8	0
6406	8	0
6350	8	0
6347	8	0
6346	8	0
6345	8	0
6344	8	0
6342	8	0
6341	8	0
6340	8	0
6339	8	0
6338	8	0
6337	8	0
6336	8	0
6333	8	0
6308	8	0
6307	8	0
6285	8	0
6277	8	0
6273	8	0
6272	8	0
6268	8	0
6267	8	0
6266	8	0
6265	8	0
6163	8	0
6122	8	0
6121	8	0
6118	8	0
6116	8	0
6078	8	0
6077	8	0
6075	8	0
6072	8	0
6070	8	0
6068	8	0
6067	8	0
6065	8	0
5969	8	0
5968	8	0
5950	8	0
5947	8	0
5944	8	0
5938	8	0
5937	8	0
5935	8	0
5934	8	0
5929	8	0
5928	8	0
5927	8	0
5922	8	0
5921	8	0
5916	8	0
5915	8	0
5914	8	0
5911	8	0
5908	8	0
5876	8	0
5763	8	0
5762	8	0
5758	8	0
5756	8	0
5580	8	0
5579	8	0
5402	8	0
5338	8	0
5335	8	0
5257	8	0
5256	8	0
5255	8	0
5244	8	0
5243	8	0
5240	8	0
5239	8	0
5235	8	0
5234	8	0
5233	8	0
5230	8	0
5227	8	0
5226	8	0
5132	8	0
5014	8	0
5013	8	0
4980	8	0
4979	8	0
4978	8	0
4974	8	0
4863	8	0
4862	8	0
4837	8	0
4824	8	0
4822	8	0
4821	8	0
4820	8	0
4818	8	0
4775	8	0
4676	8	0
4675	8	0
4615	8	0
4586	8	0
4583	8	0
4582	8	0
4574	8	0
4571	8	0
4558	8	0
4495	8	0
4494	8	0
4490	8	0
4471	8	0
4469	8	0
3741	8	0
3723	8	0
3722	8	0
3720	8	0
3647	8	0
3532	8	0
3530	8	0
3529	8	0
3522	8	0
3461	8	0
3439	8	0
3403	8	0
3402	8	0
3401	8	0
3399	8	0
3360	8	0
3181	8	0
2981	8	0
2979	8	0
2954	8	0
2947	8	0
2922	8	0
2914	8	0
2905	8	0
2904	8	0
2900	8	0
2898	8	0
2857	8	0
2850	8	0
2849	8	0
2848	8	0
2845	8	0
2844	8	0
2841	8	0
2840	8	0
2839	8	0
2838	8	0
2831	8	0
2828	8	0
2826	8	0
2825	8	0
2801	8	0
2577	8	0
2515	8	0
2504	8	0
2503	8	0
2496	8	0
2493	8	0
1948	8	0
1795	8	0
1770	8	0
1769	8	0
1768	8	0
1767	8	0
1766	8	0
1763	8	0
1762	8	0
1755	8	0
1754	8	0
1753	8	0
1751	8	0
1742	8	0
1741	8	0
1736	8	0
1735	8	0
1734	8	0
1732	8	0
1686	8	0
1685	8	0
1640	8	0
1639	8	0
1539	8	0
1519	8	0
1518	8	0
1515	8	0
1514	8	0
1513	8	0
1512	8	0
1496	8	0
1495	8	0
1494	8	0
1493	8	0
1471	8	0
1470	8	0
1469	8	0
1468	8	0
1467	8	0
1466	8	0
1465	8	0
1458	8	0
1419	8	0
1417	8	0
1416	8	0
1415	8	0
1413	8	0
1407	8	0
1401	8	0
1399	8	0
1371	8	0
1370	8	0
1369	8	0
1364	8	0
1359	8	0
1336	8	0
1329	8	0
1309	8	0
1289	8	0
1232	8	0
1032	8	0
1031	8	0
1030	8	0
1029	8	0
1015	8	0
1013	8	0
1006	8	0
991	8	0
990	8	0
966	8	0
961	8	0
960	8	0
654	8	0
318	8	0
317	8	0
316	8	0
315	8	0
314	8	0
308	8	0
307	8	0
299	8	0
298	8	0
297	8	0
296	8	0
294	8	0
292	8	0
274	8	0
266	8	0
265	8	0
264	8	0
257	8	0
223	8	0
222	8	0
188	8	0
186	8	0
185	8	0
184	8	0
183	8	0
179	8	0
90	8	0
82	8	0
81	8	0
64	8	0
61	8	0
59	8	0
56	8	0
55	8	0
49	8	0
47	8	0
43	8	0
42	8	0
41	8	0
39	8	0
38	8	0
35	8	0
32	8	0
3	8	0
2	8	0
